{"cameraMode":{"drawMode":0,"name":"Shaded","section":"Shading Mode"},"sceneLighting":false,"audioPlay":false,"sceneViewState":{"m_AlwaysRefresh":false,"showFog":true,"showSkybox":false,"showFlares":true,"showImageEffects":true,"showParticleSystems":true,"showVisualEffectGraphs":true,"m_FxEnabled":true},"in2DMode":false,"pivot":{"x":13.9399995803833,"y":10.795415878295899,"z":22.991525650024415},"rotation":{"x":-0.004610980395227671,"y":0.9745255708694458,"z":-0.2233639657497406,"w":-0.02017919346690178},"size":2.8249802589416506,"orthographic":false}