{"cameraMode":{"drawMode":0,"name":"Shaded","section":"Shading Mode"},"sceneLighting":false,"audioPlay":false,"sceneViewState":{"m_AlwaysRefresh":false,"showFog":true,"showSkybox":true,"showFlares":true,"showImageEffects":true,"showParticleSystems":true,"showVisualEffectGraphs":true,"m_FxEnabled":true},"in2DMode":false,"pivot":{"x":-0.010973930358886719,"y":-0.028609156608581544,"z":3.905261516571045},"rotation":{"x":0.17398372292518617,"y":0.49375948309898379,"z":-0.10150022804737091,"w":0.8459669947624207},"size":8.358695030212403,"orthographic":false}