{"cameraMode":{"drawMode":0,"name":"Shaded","section":"Shading Mode"},"sceneLighting":false,"audioPlay":false,"sceneViewState":{"m_AlwaysRefresh":false,"showFog":true,"showSkybox":true,"showFlares":true,"showImageEffects":true,"showParticleSystems":true,"showVisualEffectGraphs":true,"m_FxEnabled":true},"in2DMode":false,"pivot":{"x":268.55108642578127,"y":371.1993103027344,"z":-16.308406829833986},"rotation":{"x":0.012000923976302147,"y":-0.007830595597624779,"z":0.0000422236043959856,"w":-0.999824047088623},"size":244.27978515625,"orthographic":false}