{"cameraMode":{"drawMode":0,"name":"Shaded","section":"Shading Mode"},"sceneLighting":false,"audioPlay":false,"sceneViewState":{"m_AlwaysRefresh":false,"showFog":true,"showSkybox":false,"showFlares":true,"showImageEffects":true,"showParticleSystems":true,"showVisualEffectGraphs":true,"m_FxEnabled":true},"in2DMode":false,"pivot":{"x":-26.70134162902832,"y":2.242241144180298,"z":39.015708923339847},"rotation":{"x":0.12012655287981034,"y":-0.8552807569503784,"z":0.22872380912303925,"w":0.44919827580451968},"size":1.1202231645584107,"orthographic":false}