{"cameraMode":{"drawMode":0,"name":"Shaded","section":"Shading Mode"},"sceneLighting":false,"audioPlay":false,"sceneViewState":{"m_AlwaysRefresh":false,"showFog":true,"showSkybox":false,"showFlares":true,"showImageEffects":true,"showParticleSystems":true,"showVisualEffectGraphs":true,"m_FxEnabled":true},"in2DMode":false,"pivot":{"x":-25.701780319213868,"y":2.2422845363616945,"z":39.01500701904297},"rotation":{"x":0.12012655287981034,"y":-0.8552807569503784,"z":0.22872380912303925,"w":0.44919827580451968},"size":1.1209324598312379,"orthographic":false}