{"cameraMode":{"drawMode":0,"name":"Shaded","section":"Shading Mode"},"sceneLighting":false,"audioPlay":false,"sceneViewState":{"m_AlwaysRefresh":false,"showFog":true,"showSkybox":false,"showFlares":true,"showImageEffects":true,"showParticleSystems":true,"showVisualEffectGraphs":true,"m_FxEnabled":true},"in2DMode":false,"pivot":{"x":-4.179999828338623,"y":3.0484085083007814,"z":30.971303939819337},"rotation":{"x":0.12012655287981034,"y":-0.8552807569503784,"z":0.22872380912303925,"w":0.44919827580451968},"size":0.9318998456001282,"orthographic":false}