{"cameraMode":{"drawMode":0,"name":"Shaded","section":"Shading Mode"},"sceneLighting":false,"audioPlay":false,"sceneViewState":{"m_AlwaysRefresh":false,"showFog":true,"showSkybox":false,"showFlares":true,"showImageEffects":true,"showParticleSystems":true,"showVisualEffectGraphs":true,"m_FxEnabled":true},"in2DMode":false,"pivot":{"x":-2.297860622406006,"y":-71.5623550415039,"z":-2.9421234130859377},"rotation":{"x":0.020990675315260888,"y":0.014416518621146679,"z":-0.00047707741032354534,"w":0.9996012449264526},"size":106.0660171508789,"orthographic":false}