{"cameraMode":{"drawMode":0,"name":"Shaded","section":"Shading Mode"},"sceneLighting":false,"audioPlay":false,"sceneViewState":{"m_AlwaysRefresh":false,"showFog":true,"showSkybox":false,"showFlares":true,"showImageEffects":true,"showParticleSystems":true,"showVisualEffectGraphs":true,"m_FxEnabled":true},"in2DMode":false,"pivot":{"x":15.170000076293946,"y":9.046037673950196,"z":25.805498123168947},"rotation":{"x":0.21086782217025758,"y":0.786344587802887,"z":-0.37145018577575686,"w":0.44636908173561098},"size":1.2179991006851197,"orthographic":false}